_c0,is_pick,hero_id,team,match_id,leagueid,pick_order,ingestion_timestamp
313906,true,79,0,7183397720,15350,15,2026-01-01T18:12:26.760Z
584985,true,63,1,7395479978,15716,22,2026-01-01T18:12:26.760Z
381551,false,69,1,7226139163,15438,13,2026-01-01T18:12:26.760Z
689679,true,19,0,7494209380,15819,22,2026-01-01T18:12:26.760Z
59299,false,88,0,6994812321,14886,13,2026-01-01T18:12:26.760Z
41576,false,100,0,6983310807,14953,0,2026-01-01T18:12:26.760Z
23283,true,70,0,6971567062,12903,23,2026-01-01T18:12:26.760Z
77133,true,111,0,7006687898,14565,15,2026-01-01T18:12:26.760Z
37505,true,14,0,6980470589,14959,7,2026-01-01T18:12:26.760Z
326711,true,45,1,7192204873,15375,4,2026-01-01T18:12:26.760Z
431763,false,36,1,7259980006,15480,21,2026-01-01T18:12:26.760Z
188629,false,85,1,7087303757,14915,1,2026-01-01T18:12:26.760Z
626009,false,67,0,7438206828,15909,21,2026-01-01T18:12:26.760Z
95566,false,35,0,7019070113,14659,13,2026-01-01T18:12:26.760Z
100355,false,69,0,7022408583,14659,1,2026-01-01T18:12:26.760Z
123197,false,53,0,7036343762,15074,8,2026-01-01T18:12:26.760Z
561969,true,120,1,7373147883,15819,15,2026-01-01T18:12:26.760Z
247235,false,91,1,7129645840,15251,3,2026-01-01T18:12:26.760Z
604126,false,65,0,7419333141,15815,18,2026-01-01T18:12:26.760Z
529146,true,86,0,7340932419,15675,13,2026-01-01T18:12:26.760Z
371688,false,46,0,7220296983,15438,13,2026-01-01T18:12:26.760Z
541678,false,136,1,7350689577,14915,18,2026-01-01T18:12:26.760Z
183551,true,77,1,7083397131,14915,7,2026-01-01T18:12:26.760Z
337252,false,104,1,7198472119,14915,12,2026-01-01T18:12:26.760Z
30458,false,9,1,6975968336,14927,2,2026-01-01T18:12:26.760Z
263013,false,65,1,7144065416,15268,18,2026-01-01T18:12:26.760Z
183665,false,61,0,7083455034,15086,1,2026-01-01T18:12:26.760Z
34128,false,47,1,6978367201,14659,13,2026-01-01T18:12:26.760Z
293057,false,101,0,7168314826,15364,21,2026-01-01T18:12:26.760Z
582045,false,119,1,7391817678,15678,10,2026-01-01T18:12:26.760Z
548989,true,23,1,7356879449,14915,17,2026-01-01T18:12:26.760Z
351427,true,106,0,7207557779,15353,5,2026-01-01T18:12:26.760Z
231664,true,86,0,7119027394,14659,6,2026-01-01T18:12:26.760Z
294750,false,55,0,7169147694,14915,10,2026-01-01T18:12:26.760Z
588499,false,67,1,7398727730,14914,9,2026-01-01T18:12:26.760Z
299888,false,47,1,7173247165,15310,12,2026-01-01T18:12:26.760Z
446432,false,105,0,7271377299,14915,3,2026-01-01T18:12:26.760Z
4,true,31,1,6947055162,14659,4,2026-01-01T18:12:26.760Z
229920,false,4,0,7116335562,15136,13,2026-01-01T18:12:26.760Z
607605,false,106,1,7422989545,15806,21,2026-01-01T18:12:26.760Z
600764,true,68,1,7413786056,14915,14,2026-01-01T18:12:26.760Z
472584,false,86,1,7292497396,15480,4,2026-01-01T18:12:26.760Z
121672,false,88,0,7035520744,15089,19,2026-01-01T18:12:26.760Z
165081,false,8,0,7070560119,14894,12,2026-01-01T18:12:26.760Z
314861,false,55,0,7183913815,15286,10,2026-01-01T18:12:26.760Z
529206,false,120,0,7340998716,15739,1,2026-01-01T18:12:26.760Z
100212,false,25,0,7022327876,14659,2,2026-01-01T18:12:26.760Z
220913,false,93,0,7109631807,14659,20,2026-01-01T18:12:26.760Z
170010,false,21,1,7073343557,14659,10,2026-01-01T18:12:26.760Z
596164,false,49,0,7407084041,15819,21,2026-01-01T18:12:26.760Z
306247,false,93,0,7177887378,15026,12,2026-01-01T18:12:26.760Z
8168,false,137,0,6956791152,14664,1,2026-01-01T18:12:26.760Z
549708,true,60,1,7357836541,15660,16,2026-01-01T18:12:26.760Z
192167,false,11,1,7090129218,15109,11,2026-01-01T18:12:26.760Z
400512,true,138,1,7240080749,14915,15,2026-01-01T18:12:26.760Z
599229,true,85,0,7411309710,15806,14,2026-01-01T18:12:26.760Z
93098,false,13,0,7017224954,14565,18,2026-01-01T18:12:26.760Z
309399,false,62,1,7180068007,15344,20,2026-01-01T18:12:26.760Z
677867,false,12,1,7481404399,15716,3,2026-01-01T18:12:26.760Z
129925,true,76,1,7041741506,15057,17,2026-01-01T18:12:26.760Z
140062,false,53,0,7051095261,14783,3,2026-01-01T18:12:26.760Z
297912,true,71,1,7171472162,15310,4,2026-01-01T18:12:26.760Z
220258,false,76,1,7109080188,14933,13,2026-01-01T18:12:26.760Z
374536,true,92,1,7221750696,14915,6,2026-01-01T18:12:26.760Z
244938,false,93,1,7128263914,15251,9,2026-01-01T18:12:26.760Z
542487,false,10,1,7351272074,15676,11,2026-01-01T18:12:26.760Z
682336,false,109,1,7484784433,15910,21,2026-01-01T18:12:26.760Z
216928,false,34,0,7106463166,15195,12,2026-01-01T18:12:26.760Z
45120,true,33,0,6985795693,14783,17,2026-01-01T18:12:26.760Z
684357,false,33,0,7486810266,15898,3,2026-01-01T18:12:26.760Z
36188,false,35,0,6979494995,14783,10,2026-01-01T18:12:26.760Z
232067,false,11,0,7119260493,14659,1,2026-01-01T18:12:26.760Z
171582,false,55,1,7074520239,15118,12,2026-01-01T18:12:26.760Z
257897,false,104,1,7138858439,14915,12,2026-01-01T18:12:26.760Z
526927,false,39,1,7339546702,15685,2,2026-01-01T18:12:26.760Z
31726,false,22,1,6976737852,14783,11,2026-01-01T18:12:26.760Z
662821,false,45,1,7460778177,15857,5,2026-01-01T18:12:26.760Z
260325,true,12,1,7141234692,15213,17,2026-01-01T18:12:26.760Z
70369,true,53,1,7002911758,14659,22,2026-01-01T18:12:26.760Z
251822,true,105,1,7133118045,15257,7,2026-01-01T18:12:26.760Z
488170,true,22,1,7305442739,15498,15,2026-01-01T18:12:26.760Z
5594,false,64,1,6953935375,14565,12,2026-01-01T18:12:26.760Z
543488,true,83,1,7352203919,14915,8,2026-01-01T18:12:26.760Z
527502,false,107,1,7340003962,15685,1,2026-01-01T18:12:26.760Z
297366,false,70,1,7170969925,15325,10,2026-01-01T18:12:26.760Z
451579,false,39,1,7275410926,15026,18,2026-01-01T18:12:26.760Z
379703,false,65,0,7224840554,15438,13,2026-01-01T18:12:26.760Z
381985,true,93,0,7226296750,15109,15,2026-01-01T18:12:26.760Z
227042,true,75,0,7113930488,15195,15,2026-01-01T18:12:26.760Z
12319,false,47,0,6961787820,14892,19,2026-01-01T18:12:26.760Z
26922,true,83,0,6973867630,14893,5,2026-01-01T18:12:26.760Z
94843,false,100,0,7018503053,14565,9,2026-01-01T18:12:26.760Z
226240,true,86,1,7113406209,14933,5,2026-01-01T18:12:26.760Z
38489,false,11,1,6981469734,14659,8,2026-01-01T18:12:26.760Z
160532,false,21,1,7068505736,14933,21,2026-01-01T18:12:26.760Z
131219,true,16,1,7043351290,14659,15,2026-01-01T18:12:26.760Z
497799,false,16,1,7312471832,15674,20,2026-01-01T18:12:26.760Z
599693,true,95,0,7412118261,15819,22,2026-01-01T18:12:26.760Z
318638,false,102,0,7186857487,15026,19,2026-01-01T18:12:26.760Z
110401,false,6,1,7028953301,14933,8,2026-01-01T18:12:26.760Z
19662,false,65,1,6968203011,14927,12,2026-01-01T18:12:26.760Z
311493,false,4,1,7181436558,15335,2,2026-01-01T18:12:26.760Z
102161,false,38,0,7023934464,14928,9,2026-01-01T18:12:26.760Z
487440,false,105,0,7304701018,15257,5,2026-01-01T18:12:26.760Z
190758,false,76,0,7089077216,15199,18,2026-01-01T18:12:26.760Z
59933,true,51,0,6995175543,14659,14,2026-01-01T18:12:26.760Z
364869,false,104,1,7216091194,15213,10,2026-01-01T18:12:26.760Z
18201,false,4,0,6967280542,14940,8,2026-01-01T18:12:26.760Z
415129,false,106,1,7250483148,14915,19,2026-01-01T18:12:26.760Z
1125,true,20,1,6948994623,14894,7,2026-01-01T18:12:26.760Z
189933,false,91,1,7088542141,14659,9,2026-01-01T18:12:26.760Z
345795,false,21,1,7203767882,15439,13,2026-01-01T18:12:26.760Z
208317,false,128,1,7101018664,15196,20,2026-01-01T18:12:26.760Z
178505,false,61,0,7079457766,14783,1,2026-01-01T18:12:26.760Z
380171,false,41,0,7225091652,12903,1,2026-01-01T18:12:26.760Z
255405,true,32,0,7136649312,15128,15,2026-01-01T18:12:26.760Z
414263,true,4,0,7250006211,15257,17,2026-01-01T18:12:26.760Z
10447,true,87,1,6959903608,14859,7,2026-01-01T18:12:26.760Z
602359,false,46,0,7416607734,15660,1,2026-01-01T18:12:26.760Z
697925,false,53,1,7502159873,15830,0,2026-01-01T18:12:26.760Z
176116,true,13,0,7078058771,15140,22,2026-01-01T18:12:26.760Z
588424,false,5,1,7398682303,14915,6,2026-01-01T18:12:26.760Z
450397,false,61,0,7274179058,15554,11,2026-01-01T18:12:26.760Z
706865,false,62,0,7511056860,16011,3,2026-01-01T18:12:26.760Z
449784,true,48,0,7273795452,14915,22,2026-01-01T18:12:26.760Z
293131,true,55,1,7168348727,15364,23,2026-01-01T18:12:26.760Z
381132,false,65,0,7226037931,15438,2,2026-01-01T18:12:26.760Z
518779,true,120,0,7332543506,15675,7,2026-01-01T18:12:26.760Z
623092,true,50,0,7436120513,15909,8,2026-01-01T18:12:26.760Z
372744,false,75,1,7220562084,15438,13,2026-01-01T18:12:26.760Z
290825,false,23,0,7167033489,15364,21,2026-01-01T18:12:26.760Z
290891,true,78,0,7167091688,15383,15,2026-01-01T18:12:26.760Z
139568,false,15,1,7050535221,14915,13,2026-01-01T18:12:26.760Z
14272,true,83,1,6963696590,14691,4,2026-01-01T18:12:26.760Z
211205,true,85,1,7102641360,15196,4,2026-01-01T18:12:26.760Z
48722,false,35,0,6988146913,14565,19,2026-01-01T18:12:26.760Z
427301,true,106,0,7257175092,15026,23,2026-01-01T18:12:26.760Z
407304,true,40,0,7245437071,14915,15,2026-01-01T18:12:26.760Z
251261,true,52,0,7132544655,15109,22,2026-01-01T18:12:26.760Z
66180,false,98,1,6999570581,14659,21,2026-01-01T18:12:26.760Z
304510,false,40,1,7176540031,14915,3,2026-01-01T18:12:26.760Z
220114,false,4,0,7108967766,14933,13,2026-01-01T18:12:26.760Z
633294,true,138,0,7439568010,15749,12,2026-01-01T18:12:26.760Z
629386,true,67,0,7438888334,15909,15,2026-01-01T18:12:26.760Z
255139,false,4,1,7136203597,15251,12,2026-01-01T18:12:26.760Z
410200,false,10,0,7247972025,15475,8,2026-01-01T18:12:26.760Z
270370,true,68,0,7151458792,15257,7,2026-01-01T18:12:26.760Z
38564,false,6,1,6981564206,14953,11,2026-01-01T18:12:26.760Z
558895,true,138,0,7368561423,15677,13,2026-01-01T18:12:26.760Z
530099,false,9,1,7341660420,15660,6,2026-01-01T18:12:26.760Z
130439,false,25,1,7042358237,15089,3,2026-01-01T18:12:26.760Z
237883,false,36,0,7123973496,14933,9,2026-01-01T18:12:26.760Z
525796,true,97,1,7338101513,15660,16,2026-01-01T18:12:26.760Z
417253,true,98,1,7251828733,14915,7,2026-01-01T18:12:26.760Z
509107,false,100,0,7324472936,15480,6,2026-01-01T18:12:26.760Z
237313,true,137,1,7123266745,14691,15,2026-01-01T18:12:26.760Z
316715,true,62,0,7185599298,14915,16,2026-01-01T18:12:26.760Z
344795,false,29,1,7203092819,15352,21,2026-01-01T18:12:26.760Z
673984,true,64,1,7476360026,15819,8,2026-01-01T18:12:26.760Z
116572,false,86,0,7032335494,15089,13,2026-01-01T18:12:26.760Z
238114,false,138,0,7124245416,15128,0,2026-01-01T18:12:26.760Z
495014,false,121,0,7310466405,15610,19,2026-01-01T18:12:26.760Z
253784,false,86,1,7135202986,15109,1,2026-01-01T18:12:26.760Z
359829,false,109,1,7213070076,15352,9,2026-01-01T18:12:26.760Z
616854,true,121,0,7434894200,12903,7,2026-01-01T18:12:26.760Z
618361,false,71,1,7435181687,15909,2,2026-01-01T18:12:26.760Z
555424,false,4,1,7364629241,15677,21,2026-01-01T18:12:26.760Z
308742,false,55,1,7179525376,14691,11,2026-01-01T18:12:26.760Z
415057,false,69,1,7250470378,15540,19,2026-01-01T18:12:26.760Z
651792,true,138,0,7452072361,15970,13,2026-01-01T18:12:26.760Z
95214,false,71,1,7018825077,14999,21,2026-01-01T18:12:26.760Z
542531,true,7,0,7351283366,15480,7,2026-01-01T18:12:26.760Z
60620,true,71,0,6995470857,14565,15,2026-01-01T18:12:26.760Z
623296,false,13,1,7436259938,15819,20,2026-01-01T18:12:26.760Z
337292,true,71,1,7198489908,15427,4,2026-01-01T18:12:26.760Z
174985,false,48,0,7077076276,14915,19,2026-01-01T18:12:26.760Z
174084,true,87,0,7076273545,14659,6,2026-01-01T18:12:26.760Z
185364,false,13,1,7084634450,15199,20,2026-01-01T18:12:26.760Z
143804,false,77,0,7055036862,15074,2,2026-01-01T18:12:26.760Z
672511,true,72,0,7474958175,15716,23,2026-01-01T18:12:26.760Z
444901,false,17,0,7269822893,15472,8,2026-01-01T18:12:26.760Z
576056,false,25,0,7385943392,14915,21,2026-01-01T18:12:26.760Z
62166,false,128,0,6996673615,14565,11,2026-01-01T18:12:26.760Z
692404,false,81,1,7497092455,15819,11,2026-01-01T18:12:26.760Z
657627,true,29,0,7456747172,15660,16,2026-01-01T18:12:26.760Z
28662,false,74,1,6974795047,14858,20,2026-01-01T18:12:26.760Z
35646,false,98,1,6979027775,14892,19,2026-01-01T18:12:26.760Z
101689,true,19,0,7023654689,14659,17,2026-01-01T18:12:26.760Z
323817,true,111,0,7190000649,15426,14,2026-01-01T18:12:26.760Z
662610,false,53,0,7460696911,15819,10,2026-01-01T18:12:26.760Z
182469,true,86,1,7082536211,14659,5,2026-01-01T18:12:26.760Z
203099,false,76,0,7098232978,14933,10,2026-01-01T18:12:26.760Z
419789,true,21,1,7252946305,15213,23,2026-01-01T18:12:26.760Z
564612,false,68,0,7375969108,15660,18,2026-01-01T18:12:26.760Z
696585,true,71,0,7501236593,16007,16,2026-01-01T18:12:26.760Z
223586,true,9,0,7111282878,15109,15,2026-01-01T18:12:26.760Z
554303,false,85,0,7363818357,14915,4,2026-01-01T18:12:26.760Z
391326,false,13,1,7233400373,15257,21,2026-01-01T18:12:26.760Z
702157,true,25,0,7506723850,15901,22,2026-01-01T18:12:26.760Z
438294,false,86,1,7264472302,15480,1,2026-01-01T18:12:26.760Z
451564,false,92,0,7275410926,15026,3,2026-01-01T18:12:26.760Z
198072,false,49,1,7094354243,15227,21,2026-01-01T18:12:26.760Z
268704,false,95,1,7149341796,15026,21,2026-01-01T18:12:26.760Z
202613,true,86,0,7097840971,15109,4,2026-01-01T18:12:26.760Z
104176,true,114,1,7025011642,15042,23,2026-01-01T18:12:26.760Z
108990,false,19,0,7028233492,15074,13,2026-01-01T18:12:26.760Z
247225,true,19,1,7129627620,15251,17,2026-01-01T18:12:26.760Z
445977,true,84,1,7271093427,15026,4,2026-01-01T18:12:26.760Z
393479,true,5,0,7235017947,14915,14,2026-01-01T18:12:26.760Z
452033,true,138,1,7275579265,15026,16,2026-01-01T18:12:26.760Z
213265,false,98,1,7103821198,15088,0,2026-01-01T18:12:26.760Z
427763,true,40,1,7257291209,15026,5,2026-01-01T18:12:26.760Z
709993,false,68,1,7514732905,15901,11,2026-01-01T18:12:26.760Z
78718,true,77,0,7007745012,14921,17,2026-01-01T18:12:26.760Z
671176,true,121,0,7473782630,15901,8,2026-01-01T18:12:26.760Z
704662,true,68,0,7509204601,15660,7,2026-01-01T18:12:26.760Z
78982,true,100,0,7007966168,15021,17,2026-01-01T18:12:26.760Z
116392,false,53,1,7032228447,15089,1,2026-01-01T18:12:26.760Z
177558,false,128,1,7078987027,14753,0,2026-01-01T18:12:26.760Z
407875,false,46,0,7246279120,15257,10,2026-01-01T18:12:26.760Z
78360,false,4,1,7007477630,14565,18,2026-01-01T18:12:26.760Z
230800,true,100,1,7117353476,15195,5,2026-01-01T18:12:26.760Z
16782,true,52,0,6965996789,14893,5,2026-01-01T18:12:26.760Z
620076,true,110,0,7435490666,15909,13,2026-01-01T18:12:26.760Z
2645,true,136,0,6950592252,14870,15,2026-01-01T18:12:26.760Z
555406,false,83,1,7364629241,15677,3,2026-01-01T18:12:26.760Z
155051,false,109,0,7064214489,15125,8,2026-01-01T18:12:26.760Z
418017,false,85,1,7252117797,15475,3,2026-01-01T18:12:26.760Z
311721,true,58,1,7181583900,15257,14,2026-01-01T18:12:26.760Z
530019,true,46,0,7341589106,15660,22,2026-01-01T18:12:26.760Z
263909,false,1,0,7144665449,15026,2,2026-01-01T18:12:26.760Z
460776,false,110,0,7282797580,15026,2,2026-01-01T18:12:26.760Z
473832,false,42,0,7293415615,15690,4,2026-01-01T18:12:26.760Z
354835,true,69,1,7209754716,14691,6,2026-01-01T18:12:26.760Z
362452,true,106,0,7214812153,15026,17,2026-01-01T18:12:26.760Z
210988,false,61,0,7102467664,15138,3,2026-01-01T18:12:26.760Z
172639,false,75,0,7075250702,15133,13,2026-01-01T18:12:26.760Z
335726,true,71,0,7197743448,15257,22,2026-01-01T18:12:26.760Z
537285,true,76,0,7346113653,15676,16,2026-01-01T18:12:26.760Z
438084,true,108,0,7264390711,15480,7,2026-01-01T18:12:26.760Z
82772,false,112,0,7010262842,15018,9,2026-01-01T18:12:26.760Z
382906,false,38,0,7227063915,15257,0,2026-01-01T18:12:26.760Z
176670,false,85,1,7078482969,12903,0,2026-01-01T18:12:26.760Z
75067,true,136,0,7005520385,14933,4,2026-01-01T18:12:26.760Z
654566,false,137,0,7454040726,15900,3,2026-01-01T18:12:26.760Z
60967,false,86,1,6995830401,14857,2,2026-01-01T18:12:26.760Z
71422,true,120,0,7003457032,15021,7,2026-01-01T18:12:26.760Z
664351,true,42,0,7462264094,15900,23,2026-01-01T18:12:26.760Z
463358,true,40,0,7284499164,15480,17,2026-01-01T18:12:26.760Z
461066,false,16,1,7283056338,15480,4,2026-01-01T18:12:26.760Z
431237,true,128,1,7259760394,15540,23,2026-01-01T18:12:26.760Z
322930,true,135,0,7189545675,15109,15,2026-01-01T18:12:26.760Z
616573,true,90,0,7434707134,15909,14,2026-01-01T18:12:26.760Z
441560,false,138,0,7267142600,14915,3,2026-01-01T18:12:26.760Z
371012,false,12,1,7219851017,15382,9,2026-01-01T18:12:26.760Z
84639,true,84,1,7011707312,14659,4,2026-01-01T18:12:26.760Z
261139,true,8,0,7141997120,15250,16,2026-01-01T18:12:26.760Z
658930,false,135,1,7458178213,15891,0,2026-01-01T18:12:26.760Z
402827,false,69,0,7242201216,15554,2,2026-01-01T18:12:26.760Z
371403,true,4,0,7220081064,15257,16,2026-01-01T18:12:26.760Z
379349,false,89,1,7224672351,15438,19,2026-01-01T18:12:26.760Z
140943,false,112,1,7051748680,14659,21,2026-01-01T18:12:26.760Z
653307,true,29,0,7453295429,15660,16,2026-01-01T18:12:26.760Z
530495,false,93,0,7341879346,15675,18,2026-01-01T18:12:26.760Z
362618,true,11,1,7214882408,14915,15,2026-01-01T18:12:26.760Z
401797,true,45,0,7241058752,14915,4,2026-01-01T18:12:26.760Z
333324,false,21,1,7196428035,15257,20,2026-01-01T18:12:26.760Z
624044,false,78,1,7436602319,15909,0,2026-01-01T18:12:26.760Z
330166,true,45,0,7194744848,15213,4,2026-01-01T18:12:26.760Z
597471,true,3,1,7408598569,15716,8,2026-01-01T18:12:26.760Z
155664,false,76,0,7065112501,14933,21,2026-01-01T18:12:26.760Z
586418,true,15,1,7396931736,15716,16,2026-01-01T18:12:26.760Z
378251,false,91,1,7223801616,15537,1,2026-01-01T18:12:26.760Z
619192,true,23,0,7435324850,15909,17,2026-01-01T18:12:26.760Z
60689,false,47,0,6995532336,14999,12,2026-01-01T18:12:26.760Z
451949,true,85,0,7275553721,15597,4,2026-01-01T18:12:26.760Z
68849,true,51,1,7001517454,15021,14,2026-01-01T18:12:26.760Z
456448,true,41,0,7279084087,14915,15,2026-01-01T18:12:26.760Z
329257,true,108,0,7194013477,15336,6,2026-01-01T18:12:26.760Z
338038,true,90,1,7198908418,15366,6,2026-01-01T18:12:26.760Z
45517,true,86,0,6985972971,14927,6,2026-01-01T18:12:26.760Z
234774,false,38,0,7121557264,14915,20,2026-01-01T18:12:26.760Z
586654,true,91,1,7397033093,15679,12,2026-01-01T18:12:26.760Z
492422,false,21,1,7308796750,15674,19,2026-01-01T18:12:26.760Z
515103,false,89,0,7329824814,15026,2,2026-01-01T18:12:26.760Z
656564,false,79,1,7455608809,15830,9,2026-01-01T18:12:26.760Z
292952,false,65,0,7168262937,15365,12,2026-01-01T18:12:26.760Z
192136,true,86,1,7090106041,15140,4,2026-01-01T18:12:26.760Z
691184,true,73,0,7495727356,15898,15,2026-01-01T18:12:26.760Z
471168,false,105,1,7291237700,15257,4,2026-01-01T18:12:26.760Z
101852,false,120,0,7023746029,14928,12,2026-01-01T18:12:26.760Z
61516,true,21,1,6996476642,14894,23,2026-01-01T18:12:26.760Z
687838,false,25,0,7491395578,15901,5,2026-01-01T18:12:26.760Z
492902,false,93,1,7308947061,15694,19,2026-01-01T18:12:26.760Z
689061,false,96,0,7493257647,12903,4,2026-01-01T18:12:26.760Z
684635,true,88,0,7487075780,15716,17,2026-01-01T18:12:26.760Z
477400,false,6,1,7296189723,15498,21,2026-01-01T18:12:26.760Z
678437,false,36,0,7481825561,16012,21,2026-01-01T18:12:26.760Z
123897,false,77,1,7036959398,15057,12,2026-01-01T18:12:26.760Z
613160,true,83,1,7429845421,15680,8,2026-01-01T18:12:26.760Z
659846,false,48,1,7458633219,15660,5,2026-01-01T18:12:26.760Z
643927,true,23,0,7445328657,14915,16,2026-01-01T18:12:26.760Z
599318,true,105,0,7411526206,14915,7,2026-01-01T18:12:26.760Z
395776,true,110,1,7237000934,15026,7,2026-01-01T18:12:26.760Z
557975,false,76,0,7367730819,14915,5,2026-01-01T18:12:26.760Z
15590,false,83,1,6964698900,14800,2,2026-01-01T18:12:26.760Z
185370,false,63,0,7084635037,14933,2,2026-01-01T18:12:26.760Z
359744,false,73,0,7213007410,14783,20,2026-01-01T18:12:26.760Z
683562,false,97,0,7485815565,15910,0,2026-01-01T18:12:26.760Z
420131,true,104,0,7253242107,15495,5,2026-01-01T18:12:26.760Z
243222,false,86,1,7127329696,15249,21,2026-01-01T18:12:26.760Z
75862,true,87,0,7005983859,14999,6,2026-01-01T18:12:26.760Z
346682,false,41,0,7204299607,15427,12,2026-01-01T18:12:26.760Z
539469,true,60,0,7348529776,14915,16,2026-01-01T18:12:26.760Z
455910,false,9,1,7278522477,15480,5,2026-01-01T18:12:26.760Z
655449,true,25,1,7455029968,15660,22,2026-01-01T18:12:26.760Z
521425,true,135,1,7334266635,15655,13,2026-01-01T18:12:26.760Z
693111,true,2,0,7497584383,15901,22,2026-01-01T18:12:26.760Z
214730,false,114,1,7104920879,14659,12,2026-01-01T18:12:26.760Z
449341,false,94,1,7273460776,12903,11,2026-01-01T18:12:26.760Z
589732,false,67,0,7400093582,15679,18,2026-01-01T18:12:26.760Z
101482,false,45,0,7023456214,14933,2,2026-01-01T18:12:26.760Z
226346,true,10,1,7113495993,15136,15,2026-01-01T18:12:26.760Z
197546,true,13,1,7094008353,14933,23,2026-01-01T18:12:26.760Z
178920,false,33,1,7079711139,15125,8,2026-01-01T18:12:26.760Z
140280,true,43,1,7051426464,15075,5,2026-01-01T18:12:26.760Z
473506,true,51,1,7293204206,15690,14,2026-01-01T18:12:26.760Z
707196,true,17,0,7511215972,16011,22,2026-01-01T18:12:26.760Z
401436,false,105,0,7240949785,14915,3,2026-01-01T18:12:26.760Z
527410,false,37,1,7339933872,15685,5,2026-01-01T18:12:26.760Z
600041,false,63,0,7412416397,15819,10,2026-01-01T18:12:26.760Z
703854,true,49,0,7508249167,15716,15,2026-01-01T18:12:26.760Z
540667,true,31,1,7349828801,15676,14,2026-01-01T18:12:26.760Z
151098,false,37,0,7061139582,14894,0,2026-01-01T18:12:26.760Z
79757,false,61,1,7008518056,14922,0,2026-01-01T18:12:26.760Z
443915,true,17,0,7268966976,14915,6,2026-01-01T18:12:26.760Z
593693,false,106,0,7404917266,15819,21,2026-01-01T18:12:26.760Z
403602,false,120,1,7242424254,15550,9,2026-01-01T18:12:26.760Z
143978,false,71,1,7055202730,14915,8,2026-01-01T18:12:26.760Z
237342,false,6,0,7123302036,15249,20,2026-01-01T18:12:26.760Z
17847,true,58,0,6966741956,14858,14,2026-01-01T18:12:26.760Z
432649,false,94,0,7260634396,15257,20,2026-01-01T18:12:26.760Z
88255,false,22,1,7014270421,14565,20,2026-01-01T18:12:26.760Z
19901,false,48,0,6968500490,14933,11,2026-01-01T18:12:26.760Z
266116,false,94,1,7147262259,15268,1,2026-01-01T18:12:26.760Z
510647,false,101,1,7325732202,15655,10,2026-01-01T18:12:26.760Z
93455,false,45,1,7017507230,14933,3,2026-01-01T18:12:26.760Z
526366,false,20,1,7338964936,15716,10,2026-01-01T18:12:26.760Z
554126,false,13,0,7363380212,15737,19,2026-01-01T18:12:26.760Z
58976,false,85,0,6994547041,14933,2,2026-01-01T18:12:26.760Z
412617,false,126,1,7249149816,15026,2,2026-01-01T18:12:26.760Z
572113,true,13,1,7382271393,15728,14,2026-01-01T18:12:26.760Z
645136,false,74,1,7446582613,15856,1,2026-01-01T18:12:26.760Z
388808,true,22,0,7231286339,15480,22,2026-01-01T18:12:26.760Z
496193,true,137,1,7310996614,14915,22,2026-01-01T18:12:26.760Z
421987,false,12,0,7254061337,12903,13,2026-01-01T18:12:26.760Z
384972,false,77,0,7228805706,15480,2,2026-01-01T18:12:26.760Z
289198,false,21,1,7165996085,15377,2,2026-01-01T18:12:26.760Z
182934,true,11,0,7082746419,14659,14,2026-01-01T18:12:26.760Z
592686,false,90,1,7403371429,14915,21,2026-01-01T18:12:26.760Z
214974,true,43,0,7105034573,15109,16,2026-01-01T18:12:26.760Z
694218,false,53,0,7498643347,15901,1,2026-01-01T18:12:26.760Z
189358,false,6,0,7088061519,14933,10,2026-01-01T18:12:26.760Z
361518,false,17,1,7214118618,15109,18,2026-01-01T18:12:26.760Z
430483,false,55,1,7258862010,14915,13,2026-01-01T18:12:26.760Z
487995,true,128,1,7305241150,15694,8,2026-01-01T18:12:26.760Z
560993,true,35,1,7371931101,12903,23,2026-01-01T18:12:26.760Z
113880,false,52,0,7030838916,14933,19,2026-01-01T18:12:26.760Z
550816,false,29,1,7359758748,15480,20,2026-01-01T18:12:26.760Z
246885,false,9,1,7129458970,14691,13,2026-01-01T18:12:26.760Z
688182,true,5,0,7492233849,15901,13,2026-01-01T18:12:26.760Z
343469,true,62,1,7202314437,15427,15,2026-01-01T18:12:26.760Z
349152,false,10,1,7206187287,15257,10,2026-01-01T18:12:26.760Z
579258,true,99,1,7389057989,14915,7,2026-01-01T18:12:26.760Z
225637,false,43,1,7112895185,14691,2,2026-01-01T18:12:26.760Z
609646,true,23,0,7425715274,15899,22,2026-01-01T18:12:26.760Z
680273,false,15,1,7483256903,15910,9,2026-01-01T18:12:26.760Z
322667,true,29,1,7189340165,15366,16,2026-01-01T18:12:26.760Z
171534,false,120,0,7074511546,14981,12,2026-01-01T18:12:26.760Z
462890,false,40,1,7284329419,15480,5,2026-01-01T18:12:26.760Z
39765,false,106,0,6982346955,14959,12,2026-01-01T18:12:26.760Z
639934,false,23,1,7443245561,15856,5,2026-01-01T18:12:26.760Z
98238,true,87,1,7020703577,14894,6,2026-01-01T18:12:26.760Z
354336,false,54,1,7209343205,15109,11,2026-01-01T18:12:26.760Z
370210,true,10,1,7219350656,14915,23,2026-01-01T18:12:26.760Z
5697,false,120,0,6953988109,14859,19,2026-01-01T18:12:26.760Z
372726,false,76,0,7220550365,14915,19,2026-01-01T18:12:26.760Z
560478,true,86,0,7371490602,15716,12,2026-01-01T18:12:26.760Z
548051,true,58,1,7356153102,14915,14,2026-01-01T18:12:26.760Z
84077,false,59,1,7011300512,14565,18,2026-01-01T18:12:26.760Z
402686,true,56,0,7241939370,15257,5,2026-01-01T18:12:26.760Z
379640,true,34,1,7224805711,15428,22,2026-01-01T18:12:26.760Z
353856,false,94,1,7209151590,15109,11,2026-01-01T18:12:26.760Z
699747,true,59,0,7504355693,15901,22,2026-01-01T18:12:26.760Z
245488,false,70,0,7128721696,14915,8,2026-01-01T18:12:26.760Z
55495,true,53,1,6992250479,14953,6,2026-01-01T18:12:26.760Z
642107,false,135,0,7444341754,15909,19,2026-01-01T18:12:26.760Z
279584,false,46,1,7158393347,15026,10,2026-01-01T18:12:26.760Z
43873,false,39,0,6984897869,14659,18,2026-01-01T18:12:26.760Z
391539,false,17,1,7233518390,15213,18,2026-01-01T18:12:26.760Z
143166,false,11,0,7054618505,15059,12,2026-01-01T18:12:26.760Z
174719,true,19,1,7076655500,14894,17,2026-01-01T18:12:26.760Z
78990,false,35,1,7007982404,14933,1,2026-01-01T18:12:26.760Z
697725,true,100,1,7501966169,15892,16,2026-01-01T18:12:26.760Z
83233,true,19,0,7010541065,14565,14,2026-01-01T18:12:26.760Z
84875,false,75,0,7011884012,14894,0,2026-01-01T18:12:26.760Z
527217,false,18,1,7339780860,15480,4,2026-01-01T18:12:26.760Z
446950,false,106,1,7271829837,14915,18,2026-01-01T18:12:26.760Z
369982,false,76,0,7219279223,14915,11,2026-01-01T18:12:26.760Z
611417,true,54,0,7427871185,15815,17,2026-01-01T18:12:26.760Z
687799,true,70,1,7491249014,15901,14,2026-01-01T18:12:26.760Z
688129,true,66,1,7492063573,15910,8,2026-01-01T18:12:26.760Z
639512,true,18,1,7443134781,15819,15,2026-01-01T18:12:26.760Z
414542,false,54,0,7250344543,15026,8,2026-01-01T18:12:26.760Z
299361,false,108,1,7172979929,15310,13,2026-01-01T18:12:26.760Z
692385,true,83,1,7497090401,15960,16,2026-01-01T18:12:26.760Z
621494,true,129,1,7435969040,15909,15,2026-01-01T18:12:26.760Z
576498,true,53,1,7386279550,14915,7,2026-01-01T18:12:26.760Z
438972,true,61,0,7265087308,14915,7,2026-01-01T18:12:26.760Z
339385,false,45,1,7199653917,15439,9,2026-01-01T18:12:26.760Z
402278,true,85,1,7241285958,14915,5,2026-01-01T18:12:26.760Z
534187,true,69,0,7343911080,14915,14,2026-01-01T18:12:26.760Z
591139,false,42,0,7401567622,15819,9,2026-01-01T18:12:26.760Z
671520,true,110,1,7474396491,16004,16,2026-01-01T18:12:26.760Z
584958,false,22,1,7395468486,15819,19,2026-01-01T18:12:26.760Z
430102,true,109,0,7258683926,15496,16,2026-01-01T18:12:26.760Z
199006,false,13,1,7094785628,15138,19,2026-01-01T18:12:26.760Z
217055,false,54,0,7106547264,15195,19,2026-01-01T18:12:26.760Z
185419,false,65,0,7084707824,15135,3,2026-01-01T18:12:26.760Z
253439,true,13,0,7134620320,15257,16,2026-01-01T18:12:26.760Z
570896,false,108,0,7380454553,15728,21,2026-01-01T18:12:26.760Z
633833,true,126,0,7439888121,15909,23,2026-01-01T18:12:26.760Z
367534,false,61,1,7217824533,14915,11,2026-01-01T18:12:26.760Z
50014,false,86,1,6988892655,14894,3,2026-01-01T18:12:26.760Z
324846,false,51,1,7190875450,15026,11,2026-01-01T18:12:26.760Z
598570,false,36,0,7410217942,15679,3,2026-01-01T18:12:26.760Z
385769,true,93,1,7229306031,14915,7,2026-01-01T18:12:26.760Z
214447,true,70,1,7104819480,15109,17,2026-01-01T18:12:26.760Z
362693,false,65,1,7214917159,14915,18,2026-01-01T18:12:26.760Z
372081,true,42,0,7220413211,14915,22,2026-01-01T18:12:26.760Z
678702,true,93,1,7482032491,15901,22,2026-01-01T18:12:26.760Z
535765,true,20,1,7344893377,15480,8,2026-01-01T18:12:26.760Z
291471,false,15,1,7167267320,15026,19,2026-01-01T18:12:26.760Z
313045,false,10,1,7182431032,15374,18,2026-01-01T18:12:26.760Z
616653,true,50,0,7434760313,15909,22,2026-01-01T18:12:26.760Z
521211,true,56,0,7334129628,14915,15,2026-01-01T18:12:26.760Z
179002,false,106,0,7079744565,14894,18,2026-01-01T18:12:26.760Z
467118,false,77,1,7287960840,14783,10,2026-01-01T18:12:26.760Z
699094,true,92,0,7503676141,16012,17,2026-01-01T18:12:26.760Z
417569,false,111,1,7251930356,15475,11,2026-01-01T18:12:26.760Z
708117,true,58,0,7512368439,16038,7,2026-01-01T18:12:26.760Z
5735,false,77,0,6954010533,14565,9,2026-01-01T18:12:26.760Z
689600,true,65,0,7494182233,15960,15,2026-01-01T18:12:26.760Z
69379,true,83,1,7001969945,14887,16,2026-01-01T18:12:26.760Z
230452,true,18,1,7117015096,15195,17,2026-01-01T18:12:26.760Z
121889,false,14,0,7035659777,15089,20,2026-01-01T18:12:26.760Z
375439,false,106,1,7221945423,14915,21,2026-01-01T18:12:26.760Z
69986,true,59,0,7002648820,14999,23,2026-01-01T18:12:26.760Z
123530,true,86,1,7036489634,14691,5,2026-01-01T18:12:26.760Z
695867,false,76,0,7500225480,15819,18,2026-01-01T18:12:26.760Z
274807,true,109,0,7155389773,15374,6,2026-01-01T18:12:26.760Z
58439,true,14,1,6994026772,14565,17,2026-01-01T18:12:26.760Z
163764,true,51,0,7070000993,15146,6,2026-01-01T18:12:26.760Z
391238,true,47,1,7233335089,15480,5,2026-01-01T18:12:26.760Z
264571,true,5,1,7145431749,14915,16,2026-01-01T18:12:26.760Z
501389,true,37,1,7316940062,15674,12,2026-01-01T18:12:26.760Z
337833,true,20,0,7198836076,14915,17,2026-01-01T18:12:26.760Z
373053,false,61,1,7220644561,15438,10,2026-01-01T18:12:26.760Z
142903,false,4,0,7054170897,14981,13,2026-01-01T18:12:26.760Z
157685,false,52,1,7066983039,15085,3,2026-01-01T18:12:26.760Z
660561,false,53,1,7459274922,14915,0,2026-01-01T18:12:26.760Z
118395,false,70,0,7033515384,15089,12,2026-01-01T18:12:26.760Z
349245,true,4,1,7206260619,15353,7,2026-01-01T18:12:26.760Z
317351,true,105,1,7185981024,15286,4,2026-01-01T18:12:26.760Z
572168,false,18,1,7382316646,15728,21,2026-01-01T18:12:26.760Z
638016,false,53,0,7442614036,15909,6,2026-01-01T18:12:26.760Z
260097,true,119,0,7141143013,15026,5,2026-01-01T18:12:26.760Z
666241,true,54,1,7464501565,15898,17,2026-01-01T18:12:26.760Z
695688,true,45,0,7500101979,15819,7,2026-01-01T18:12:26.760Z
356749,false,38,0,7211050099,15336,1,2026-01-01T18:12:26.760Z
480207,false,19,1,7298839609,15691,20,2026-01-01T18:12:26.760Z
129475,true,44,1,7041572513,14659,23,2026-01-01T18:12:26.760Z
90273,true,71,1,7015565772,15018,23,2026-01-01T18:12:26.760Z
677222,false,100,0,7480846993,15891,6,2026-01-01T18:12:26.760Z
673720,true,83,1,7476261503,15960,8,2026-01-01T18:12:26.760Z
197195,false,44,1,7093726950,14915,8,2026-01-01T18:12:26.760Z
278181,false,16,0,7157663469,15257,21,2026-01-01T18:12:26.760Z
608317,true,26,0,7424100357,15716,13,2026-01-01T18:12:26.760Z
632180,false,81,0,7439479140,15909,2,2026-01-01T18:12:26.760Z
193136,false,13,1,7090676766,14915,20,2026-01-01T18:12:26.760Z
52953,false,38,0,6990583097,14565,19,2026-01-01T18:12:26.760Z
676333,false,45,1,7479795990,15901,5,2026-01-01T18:12:26.760Z
606445,false,50,1,7421645204,15680,11,2026-01-01T18:12:26.760Z
159688,true,8,1,7068096115,14894,17,2026-01-01T18:12:26.760Z
376574,true,65,0,7223085869,15368,4,2026-01-01T18:12:26.760Z
54130,false,32,1,6991328142,14972,9,2026-01-01T18:12:26.760Z
644629,true,67,1,7446121248,14915,22,2026-01-01T18:12:26.760Z
552324,true,20,0,7361616809,14915,16,2026-01-01T18:12:26.760Z
284597,false,11,0,7162833004,15109,8,2026-01-01T18:12:26.760Z
575605,false,21,1,7385755271,15716,2,2026-01-01T18:12:26.760Z
316281,true,85,0,7185159589,15026,14,2026-01-01T18:12:26.760Z
226706,true,111,0,7113770990,15109,15,2026-01-01T18:12:26.760Z
516586,false,39,1,7331074416,15026,21,2026-01-01T18:12:26.760Z
223334,false,96,1,7111176035,14915,3,2026-01-01T18:12:26.760Z
469274,false,58,1,7289627662,15690,6,2026-01-01T18:12:26.760Z
553426,true,22,1,7362990636,15716,15,2026-01-01T18:12:26.760Z
493608,false,83,0,7309343925,14915,5,2026-01-01T18:12:26.760Z
59839,true,23,0,6995138942,14953,16,2026-01-01T18:12:26.760Z
68548,false,25,0,7001379727,14565,1,2026-01-01T18:12:26.760Z
135553,false,4,1,7046760043,14894,9,2026-01-01T18:12:26.760Z
387055,false,47,1,7230127565,15494,21,2026-01-01T18:12:26.760Z
398105,false,89,1,7238451581,15026,8,2026-01-01T18:12:26.760Z
471033,true,8,0,7291095486,15257,13,2026-01-01T18:12:26.760Z
595431,true,119,1,7406486695,15660,8,2026-01-01T18:12:26.760Z
450083,false,38,1,7274081346,15497,9,2026-01-01T18:12:26.760Z
166364,true,21,1,7071243853,15133,23,2026-01-01T18:12:26.760Z
198461,false,85,1,7094495612,15141,2,2026-01-01T18:12:26.760Z
564328,true,21,0,7375393747,15677,22,2026-01-01T18:12:26.760Z
238610,true,97,1,7124444653,14659,16,2026-01-01T18:12:26.760Z
4906,false,83,1,6953549694,14800,20,2026-01-01T18:12:26.760Z
665197,false,99,1,7463373173,15660,5,2026-01-01T18:12:26.760Z
371030,false,86,0,7219863592,15257,3,2026-01-01T18:12:26.760Z
371351,false,92,1,7220062661,15353,12,2026-01-01T18:12:26.760Z
293774,false,50,1,7168726786,15026,18,2026-01-01T18:12:26.760Z
137666,true,49,0,7048479360,15057,7,2026-01-01T18:12:26.760Z
74933,true,20,1,7005407349,14933,14,2026-01-01T18:12:26.760Z
128330,true,43,0,7040390312,14691,6,2026-01-01T18:12:26.760Z
131972,false,137,0,7043981424,15057,0,2026-01-01T18:12:26.760Z
115350,false,12,1,7031550419,15035,1,2026-01-01T18:12:26.760Z
346100,true,38,1,7203895921,15439,6,2026-01-01T18:12:26.760Z
568265,false,78,1,7378903471,15728,6,2026-01-01T18:12:26.760Z
197669,false,86,0,7094097241,15087,2,2026-01-01T18:12:26.760Z
547385,true,1,1,7355277705,15676,17,2026-01-01T18:12:26.760Z
43569,false,53,0,6984732687,14953,2,2026-01-01T18:12:26.760Z
173653,true,65,0,7076004297,14981,7,2026-01-01T18:12:26.760Z
704264,true,60,0,7508728002,15898,17,2026-01-01T18:12:26.760Z
643955,false,138,1,7445343424,15909,20,2026-01-01T18:12:26.760Z
156380,true,10,1,7065737530,15142,17,2026-01-01T18:12:26.760Z
359012,false,111,0,7212497364,15352,8,2026-01-01T18:12:26.760Z
626332,true,137,0,7438249897,15909,8,2026-01-01T18:12:26.760Z
244818,false,86,1,7128187321,15251,9,2026-01-01T18:12:26.760Z
375361,true,88,1,7221938660,15026,15,2026-01-01T18:12:26.760Z
644721,false,32,1,7446194324,14915,18,2026-01-01T18:12:26.760Z
38586,false,44,0,6981567078,14659,9,2026-01-01T18:12:26.760Z
235798,false,88,0,7122359723,14933,12,2026-01-01T18:12:26.760Z
207466,false,30,0,7100632172,14659,9,2026-01-01T18:12:26.760Z
524371,true,30,0,7336968834,15536,7,2026-01-01T18:12:26.760Z
534684,true,121,1,7344418573,15661,7,2026-01-01T18:12:26.760Z
4027,true,100,1,6952173431,14904,5,2026-01-01T18:12:26.760Z
144522,true,33,1,7055942275,14933,14,2026-01-01T18:12:26.760Z
4721,false,25,1,6953127711,14850,3,2026-01-01T18:12:26.760Z
604511,false,90,0,7419679681,15716,20,2026-01-01T18:12:26.760Z
53053,true,136,1,6990637122,14953,23,2026-01-01T18:12:26.760Z
107909,false,65,1,7027342425,14565,12,2026-01-01T18:12:26.760Z
491929,false,69,1,7308250992,15610,6,2026-01-01T18:12:26.760Z
544102,true,6,0,7352616775,15480,22,2026-01-01T18:12:26.760Z
105437,false,69,1,7025534209,14915,12,2026-01-01T18:12:26.760Z
440808,false,14,0,7266562379,15257,19,2026-01-01T18:12:26.760Z
72239,false,11,0,7003979604,14753,8,2026-01-01T18:12:26.760Z
228739,false,114,0,7115337441,15109,8,2026-01-01T18:12:26.760Z
501531,false,47,1,7317067442,14915,10,2026-01-01T18:12:26.760Z
652185,true,11,0,7452245852,15856,22,2026-01-01T18:12:26.760Z
255171,false,106,0,7136260715,15218,20,2026-01-01T18:12:26.760Z
703735,true,129,1,7508177797,15819,16,2026-01-01T18:12:26.760Z
120464,false,136,1,7034917349,15035,3,2026-01-01T18:12:26.760Z
593445,true,56,0,7404686054,15660,13,2026-01-01T18:12:26.760Z
391962,false,102,1,7233826472,15257,9,2026-01-01T18:12:26.760Z
397392,true,13,0,7238273557,15554,15,2026-01-01T18:12:26.760Z
649132,true,38,1,7449996971,14915,15,2026-01-01T18:12:26.760Z
395496,true,9,0,7236916061,15026,15,2026-01-01T18:12:26.760Z
250990,true,126,1,7132446872,15251,15,2026-01-01T18:12:26.760Z
401043,false,93,1,7240837877,15026,18,2026-01-01T18:12:26.760Z
72943,true,32,1,7004343746,14999,16,2026-01-01T18:12:26.760Z
670139,false,82,0,7473240121,15900,3,2026-01-01T18:12:26.760Z
412775,true,86,1,7249196856,15495,17,2026-01-01T18:12:26.760Z
100663,true,67,1,7022613474,15035,22,2026-01-01T18:12:26.760Z
452536,true,10,0,7275856411,14915,15,2026-01-01T18:12:26.760Z
39505,true,53,1,6982166023,14691,16,2026-01-01T18:12:26.760Z
233508,false,53,0,7120803325,15128,2,2026-01-01T18:12:26.760Z
60843,true,106,0,6995667760,14565,22,2026-01-01T18:12:26.760Z
593904,true,67,0,7405046117,15679,16,2026-01-01T18:12:26.760Z
465417,true,105,1,7286405615,14915,13,2026-01-01T18:12:26.760Z
90485,false,21,1,7015726948,14565,19,2026-01-01T18:12:26.760Z
137592,true,107,1,7048408244,14894,5,2026-01-01T18:12:26.760Z
496878,false,74,1,7311920802,15480,11,2026-01-01T18:12:26.760Z
499220,false,92,0,7314308268,14915,3,2026-01-01T18:12:26.760Z
295174,false,85,0,7169558035,15364,2,2026-01-01T18:12:26.760Z
641767,true,41,0,7444087349,15909,15,2026-01-01T18:12:26.760Z
490611,true,114,0,7307319169,15026,8,2026-01-01T18:12:26.760Z
485267,true,137,0,7302649124,14915,16,2026-01-01T18:12:26.760Z
310665,true,129,1,7180842575,15109,14,2026-01-01T18:12:26.760Z
27767,false,44,1,6974247425,14894,13,2026-01-01T18:12:26.760Z
457635,false,137,1,7279873920,15497,2,2026-01-01T18:12:26.760Z
455682,true,109,0,7278386397,15026,17,2026-01-01T18:12:26.760Z
471705,true,128,1,7291811422,15689,13,2026-01-01T18:12:26.760Z
79131,true,106,1,7008062081,15021,22,2026-01-01T18:12:26.760Z
663714,false,50,1,7461960664,15660,10,2026-01-01T18:12:26.760Z
218726,false,75,1,7107935551,15109,3,2026-01-01T18:12:26.760Z
80791,false,137,0,7008973067,14860,12,2026-01-01T18:12:26.760Z
156337,true,45,0,7065721459,14915,22,2026-01-01T18:12:26.760Z
688464,true,99,1,7492729667,12903,7,2026-01-01T18:12:26.760Z
283181,false,114,0,7161139105,15374,8,2026-01-01T18:12:26.760Z
426494,false,85,1,7256321410,14915,8,2026-01-01T18:12:26.760Z
187046,true,54,1,7085911739,15199,22,2026-01-01T18:12:26.760Z
417586,true,5,1,7251957569,15026,4,2026-01-01T18:12:26.760Z
102860,false,65,1,7024293030,12903,12,2026-01-01T18:12:26.760Z
553323,true,60,1,7362894206,15677,8,2026-01-01T18:12:26.760Z
265782,false,58,1,7146436506,14915,3,2026-01-01T18:12:26.760Z
488193,true,84,0,7305462332,15026,14,2026-01-01T18:12:26.760Z
168313,true,43,0,7072267175,15086,4,2026-01-01T18:12:26.760Z
597863,true,46,0,7409088288,14915,16,2026-01-01T18:12:26.760Z
473326,false,53,0,7293115537,15690,2,2026-01-01T18:12:26.760Z
484477,false,59,1,7302088197,14915,18,2026-01-01T18:12:26.760Z
78230,false,96,1,7007399805,15018,8,2026-01-01T18:12:26.760Z
269248,false,108,1,7150230717,15268,13,2026-01-01T18:12:26.760Z
289692,true,21,1,7166267606,14915,16,2026-01-01T18:12:26.760Z
132746,true,6,0,7044918556,15059,7,2026-01-01T18:12:26.760Z
648589,false,96,1,7449195940,15716,0,2026-01-01T18:12:26.760Z
535709,false,74,1,7344867077,15676,0,2026-01-01T18:12:26.760Z
33241,true,104,1,6977689476,14933,14,2026-01-01T18:12:26.760Z
167299,true,21,0,7071817199,14894,22,2026-01-01T18:12:26.760Z
698072,false,14,0,7502383491,15830,3,2026-01-01T18:12:26.760Z
27822,false,129,0,6974259777,14859,20,2026-01-01T18:12:26.760Z
704691,true,5,1,7509205185,15901,12,2026-01-01T18:12:26.760Z
625957,true,23,1,7438201263,15909,17,2026-01-01T18:12:26.760Z
626851,true,45,1,7438357932,15819,23,2026-01-01T18:12:26.760Z
292003,true,137,1,7167538801,15377,23,2026-01-01T18:12:26.760Z
320059,false,88,1,7187691859,15382,0,2026-01-01T18:12:26.760Z
206604,false,89,0,7100109847,15196,11,2026-01-01T18:12:26.760Z
522003,true,39,0,7334830524,15660,15,2026-01-01T18:12:26.760Z
536053,true,78,1,7345124385,14915,8,2026-01-01T18:12:26.760Z
485657,true,13,1,7303077422,15257,22,2026-01-01T18:12:26.760Z
114176,false,53,1,7031045328,15075,3,2026-01-01T18:12:26.760Z
401377,true,90,0,7240926559,15026,16,2026-01-01T18:12:26.760Z
703506,false,38,0,7508072770,15901,3,2026-01-01T18:12:26.760Z
447290,true,39,1,7271967976,15213,22,2026-01-01T18:12:26.760Z
293507,true,45,0,7168616515,15377,15,2026-01-01T18:12:26.760Z
372314,true,137,0,7220454237,14915,15,2026-01-01T18:12:26.760Z
289051,true,120,1,7165938035,15109,23,2026-01-01T18:12:26.760Z
150806,false,35,1,7060989164,15135,20,2026-01-01T18:12:26.760Z
190245,false,54,1,7088830792,15109,9,2026-01-01T18:12:26.760Z
267357,false,112,0,7148142346,15250,18,2026-01-01T18:12:26.760Z
429291,false,137,1,7258265919,15257,21,2026-01-01T18:12:26.760Z
604523,true,63,1,7419720937,14915,8,2026-01-01T18:12:26.760Z
566012,false,120,1,7377495386,15660,9,2026-01-01T18:12:26.760Z
294554,true,62,0,7169028253,14915,6,2026-01-01T18:12:26.760Z
476643,true,84,0,7295634333,15026,8,2026-01-01T18:12:26.760Z
372793,true,84,0,7220577704,15026,14,2026-01-01T18:12:26.760Z
160426,false,2,1,7068489399,15113,11,2026-01-01T18:12:26.760Z
322231,false,135,0,7189071794,15325,12,2026-01-01T18:12:26.760Z
168813,false,136,0,7072670822,14933,0,2026-01-01T18:12:26.760Z
644728,false,81,0,7446283898,15909,1,2026-01-01T18:12:26.760Z
210455,true,121,1,7102233834,14659,22,2026-01-01T18:12:26.760Z
166541,false,47,0,7071366306,14933,8,2026-01-01T18:12:26.760Z
267068,true,94,0,7147805559,15026,17,2026-01-01T18:12:26.760Z
163217,true,52,1,7069754712,15122,7,2026-01-01T18:12:26.760Z
680488,true,85,1,7483440618,15901,8,2026-01-01T18:12:26.760Z
275373,false,21,0,7155636296,15026,20,2026-01-01T18:12:26.760Z
483242,true,20,0,7301068705,14915,7,2026-01-01T18:12:26.760Z
610009,false,137,1,7426027387,15680,1,2026-01-01T18:12:26.760Z
427351,false,113,0,7257199379,15026,1,2026-01-01T18:12:26.760Z
39271,true,137,0,6982022859,12903,22,2026-01-01T18:12:26.760Z
493032,false,7,0,7309003291,15694,5,2026-01-01T18:12:26.760Z
202396,false,86,1,7097650567,15109,3,2026-01-01T18:12:26.760Z
116524,false,88,1,7032309338,15089,13,2026-01-01T18:12:26.760Z
163563,true,68,0,7069908731,14915,17,2026-01-01T18:12:26.760Z
591349,false,99,1,7401661782,14915,3,2026-01-01T18:12:26.760Z
621995,true,120,1,7436000444,15909,13,2026-01-01T18:12:26.760Z
147641,true,95,1,7058375480,14894,23,2026-01-01T18:12:26.760Z
42839,true,87,0,6984303131,14893,16,2026-01-01T18:12:26.760Z
99100,true,86,1,7021352547,14921,4,2026-01-01T18:12:26.760Z
691521,true,21,1,7496086472,15898,16,2026-01-01T18:12:26.760Z
271691,false,111,0,7152555655,15250,8,2026-01-01T18:12:26.760Z
537632,false,78,1,7346235840,14915,3,2026-01-01T18:12:26.760Z
344870,false,94,1,7203172700,15257,0,2026-01-01T18:12:26.760Z
676571,false,85,1,7480111479,15901,3,2026-01-01T18:12:26.760Z
685291,false,100,1,7487469076,15901,1,2026-01-01T18:12:26.760Z
708152,false,80,1,7512390786,15660,18,2026-01-01T18:12:26.760Z
295178,true,45,1,7169558035,15364,6,2026-01-01T18:12:26.760Z
629801,true,74,0,7438972088,15909,22,2026-01-01T18:12:26.760Z
218765,false,89,0,7107953145,14659,18,2026-01-01T18:12:26.760Z
65897,false,137,1,6999450669,14659,2,2026-01-01T18:12:26.760Z
355448,false,62,1,7210193343,15439,19,2026-01-01T18:12:26.760Z
574983,false,98,0,7384577124,15716,4,2026-01-01T18:12:26.760Z
418233,false,65,1,7252206925,15537,3,2026-01-01T18:12:26.760Z
164387,true,9,0,7070286419,15146,14,2026-01-01T18:12:26.760Z
560987,true,25,0,7371931101,12903,17,2026-01-01T18:12:26.760Z
290948,false,88,0,7167120990,15026,0,2026-01-01T18:12:26.760Z
322471,false,65,1,7189197084,15257,12,2026-01-01T18:12:26.760Z
598944,true,104,1,7410765056,14915,17,2026-01-01T18:12:26.760Z
151749,true,87,0,7061632883,15086,4,2026-01-01T18:12:26.760Z
335317,false,17,1,7197580092,15257,21,2026-01-01T18:12:26.760Z
357655,false,106,0,7211629220,14783,19,2026-01-01T18:12:26.760Z
349101,true,109,0,7206126600,15352,7,2026-01-01T18:12:26.760Z
609577,false,71,1,7425676851,15680,1,2026-01-01T18:12:26.760Z
227180,false,106,1,7114008477,15195,9,2026-01-01T18:12:26.760Z
528902,false,83,1,7340745014,15739,9,2026-01-01T18:12:26.760Z
503953,true,135,1,7318952501,15480,8,2026-01-01T18:12:26.760Z
637999,true,105,1,7442581727,14915,13,2026-01-01T18:12:26.760Z
654289,true,104,1,7453873048,15716,14,2026-01-01T18:12:26.760Z
81644,false,61,0,7009620866,15021,1,2026-01-01T18:12:26.760Z
619409,false,104,1,7435341147,15909,18,2026-01-01T18:12:26.760Z
148461,false,43,0,7059037072,14783,3,2026-01-01T18:12:26.760Z
690963,false,106,1,7495625907,15716,10,2026-01-01T18:12:26.760Z
135602,false,15,1,7046776360,14659,10,2026-01-01T18:12:26.760Z
201131,false,38,0,7096537903,15088,9,2026-01-01T18:12:26.760Z
593150,false,50,1,7404381764,15728,6,2026-01-01T18:12:26.760Z
300262,false,78,0,7173416606,14915,2,2026-01-01T18:12:26.760Z
448528,false,46,1,7272733409,15026,13,2026-01-01T18:12:26.760Z
228156,false,43,0,7115096341,14659,1,2026-01-01T18:12:26.760Z
661018,false,67,1,7459578753,15806,1,2026-01-01T18:12:26.760Z
644411,false,76,0,7445872645,14915,20,2026-01-01T18:12:26.760Z
463905,true,101,0,7285071280,14691,13,2026-01-01T18:12:26.760Z
629950,false,83,1,7439043549,15909,3,2026-01-01T18:12:26.760Z
109444,false,120,0,7028387649,14915,11,2026-01-01T18:12:26.760Z
402435,false,18,0,7241416343,14915,18,2026-01-01T18:12:26.760Z
73212,false,13,1,7004452036,14953,21,2026-01-01T18:12:26.760Z
39052,false,41,1,6981950419,14659,19,2026-01-01T18:12:26.760Z
546448,true,74,0,7354351255,15737,16,2026-01-01T18:12:26.760Z
414859,false,71,0,7250421040,15026,13,2026-01-01T18:12:26.760Z
455542,false,18,0,7278334732,14915,21,2026-01-01T18:12:26.760Z
426482,false,75,0,7256296363,15534,20,2026-01-01T18:12:26.760Z
29359,true,96,0,6975299425,14783,6,2026-01-01T18:12:26.760Z
629680,false,67,0,7438950268,15680,21,2026-01-01T18:12:26.760Z
652714,true,138,0,7452589549,15806,23,2026-01-01T18:12:26.760Z
662654,false,121,1,7460716591,14914,6,2026-01-01T18:12:26.760Z
400435,false,120,1,7240022772,14915,10,2026-01-01T18:12:26.760Z
209777,true,63,1,7101996187,14659,16,2026-01-01T18:12:26.760Z
201894,true,5,0,7097288732,14659,5,2026-01-01T18:12:26.760Z
630825,true,104,0,7439405826,15909,14,2026-01-01T18:12:26.760Z
684903,false,105,0,7487222560,15901,21,2026-01-01T18:12:26.760Z
30433,false,38,0,6975949212,14691,1,2026-01-01T18:12:26.760Z
388581,false,89,1,7231227001,15480,11,2026-01-01T18:12:26.760Z
365093,false,47,0,7216303644,15109,18,2026-01-01T18:12:26.760Z
350452,true,86,0,7206953918,15475,14,2026-01-01T18:12:26.760Z
319734,false,97,0,7187532337,15382,11,2026-01-01T18:12:26.760Z
315320,false,114,0,7184267601,15382,13,2026-01-01T18:12:26.760Z
569300,false,3,0,7379209645,15819,9,2026-01-01T18:12:26.760Z
96308,false,61,0,7019371169,14915,11,2026-01-01T18:12:26.760Z
91685,false,76,0,7016456129,14894,19,2026-01-01T18:12:26.760Z
668571,false,28,0,7470042634,15972,19,2026-01-01T18:12:26.760Z
687962,false,136,0,7491672145,15660,9,2026-01-01T18:12:26.760Z
513654,true,98,0,7328909339,15675,17,2026-01-01T18:12:26.760Z
669272,false,50,0,7472011072,15960,0,2026-01-01T18:12:26.760Z
621084,true,83,0,7435946892,15909,13,2026-01-01T18:12:26.760Z
300,true,102,0,6948166308,14664,22,2026-01-01T18:12:26.760Z
148870,true,30,1,7059380314,14933,4,2026-01-01T18:12:26.760Z
45474,false,67,1,6985965131,14659,11,2026-01-01T18:12:26.760Z
160663,false,89,1,7068590259,14981,8,2026-01-01T18:12:26.760Z
63486,false,77,0,6997741700,14999,11,2026-01-01T18:12:26.760Z
320749,false,61,0,7188116587,15026,18,2026-01-01T18:12:26.760Z
78947,true,128,0,7007962041,14565,6,2026-01-01T18:12:26.760Z
532667,false,46,0,7343043641,15660,6,2026-01-01T18:12:26.760Z
665678,false,51,1,7463739586,15900,6,2026-01-01T18:12:26.760Z
657435,true,39,1,7456623649,15856,16,2026-01-01T18:12:26.760Z
363775,false,76,1,7215395427,12903,20,2026-01-01T18:12:26.760Z
314515,false,69,1,7183736966,15368,0,2026-01-01T18:12:26.760Z
152840,true,51,0,7062515081,14659,5,2026-01-01T18:12:26.760Z
385666,false,98,1,7229198332,15438,0,2026-01-01T18:12:26.760Z
451950,true,90,1,7275553721,15597,5,2026-01-01T18:12:26.760Z
247639,true,52,0,7130046607,15267,23,2026-01-01T18:12:26.760Z
45861,true,128,0,6986110401,14972,14,2026-01-01T18:12:26.760Z
624743,false,82,1,7437281794,14915,3,2026-01-01T18:12:26.760Z
604008,false,13,0,7419119263,15891,20,2026-01-01T18:12:26.760Z
589507,false,121,0,7400014248,15819,9,2026-01-01T18:12:26.760Z
295991,false,64,1,7170060441,15109,3,2026-01-01T18:12:26.760Z
111504,false,120,0,7029470994,15089,21,2026-01-01T18:12:26.760Z
227651,false,91,0,7114527708,15196,0,2026-01-01T18:12:26.760Z
528816,false,101,1,7340677613,15739,19,2026-01-01T18:12:26.760Z
436300,true,74,0,7263327924,12903,23,2026-01-01T18:12:26.760Z
668026,false,71,0,7468132277,15960,2,2026-01-01T18:12:26.760Z
110835,false,120,1,7029153676,15089,10,2026-01-01T18:12:26.760Z
594130,false,86,1,7405212356,15716,2,2026-01-01T18:12:26.760Z
261692,true,126,1,7142864055,15250,17,2026-01-01T18:12:26.760Z
451043,false,109,0,7274748934,14914,10,2026-01-01T18:12:26.760Z
203023,true,86,0,7098158248,15199,6,2026-01-01T18:12:26.760Z
462899,true,22,0,7284329419,15480,14,2026-01-01T18:12:26.760Z
454540,false,114,1,7277518660,14691,3,2026-01-01T18:12:26.760Z
437350,true,35,1,7264024627,14915,17,2026-01-01T18:12:26.760Z
466850,false,37,1,7287683414,14691,6,2026-01-01T18:12:26.760Z
412415,true,87,0,7249102382,15554,16,2026-01-01T18:12:26.760Z
62445,false,86,0,6996812531,14859,2,2026-01-01T18:12:26.760Z
255175,false,32,1,7136283636,15257,1,2026-01-01T18:12:26.760Z
548463,false,22,0,7356600500,15480,18,2026-01-01T18:12:26.760Z
238181,false,43,1,7124274335,15109,19,2026-01-01T18:12:26.760Z
478071,false,136,0,7297157150,15026,20,2026-01-01T18:12:26.760Z
593205,true,135,1,7404438999,14915,13,2026-01-01T18:12:26.760Z
239752,true,93,1,7125434145,14691,7,2026-01-01T18:12:26.760Z
330373,false,62,0,7194817690,15213,19,2026-01-01T18:12:26.760Z
216956,true,87,1,7106488213,14915,16,2026-01-01T18:12:26.760Z
635274,false,73,1,7441142252,15660,0,2026-01-01T18:12:26.760Z
614051,false,74,1,7431140525,15899,11,2026-01-01T18:12:26.760Z
483341,false,55,1,7301169010,14915,10,2026-01-01T18:12:26.760Z
459123,false,110,0,7281291509,15026,4,2026-01-01T18:12:26.760Z
388047,true,105,1,7230813044,14915,5,2026-01-01T18:12:26.760Z
557673,true,50,0,7367381745,15660,15,2026-01-01T18:12:26.760Z
460478,true,45,0,7282336305,15257,15,2026-01-01T18:12:26.760Z
56353,false,19,0,6992749468,12903,0,2026-01-01T18:12:26.760Z
637216,true,41,0,7441923716,15806,22,2026-01-01T18:12:26.760Z
464346,true,22,0,7285681041,15597,22,2026-01-01T18:12:26.760Z
640016,true,121,1,7443264419,14915,15,2026-01-01T18:12:26.760Z
555915,false,91,0,7365013072,15677,9,2026-01-01T18:12:26.760Z
338921,false,20,1,7199478587,15109,1,2026-01-01T18:12:26.760Z
319855,false,58,0,7187587042,14915,12,2026-01-01T18:12:26.760Z
615865,false,71,1,7434253691,15680,1,2026-01-01T18:12:26.760Z
408239,true,58,1,7246579681,15540,14,2026-01-01T18:12:26.760Z
231762,false,120,0,7119094414,14691,8,2026-01-01T18:12:26.760Z
490985,true,120,1,7307460682,15694,22,2026-01-01T18:12:26.760Z
197206,false,59,0,7093726950,14915,19,2026-01-01T18:12:26.760Z
663447,true,96,1,7461707881,15931,7,2026-01-01T18:12:26.760Z
710144,false,17,0,7515106470,16012,18,2026-01-01T18:12:26.760Z
509315,true,73,1,7324560561,15026,22,2026-01-01T18:12:26.760Z
462215,false,74,0,7283715085,14915,1,2026-01-01T18:12:26.760Z
105135,true,43,0,7025439399,14894,22,2026-01-01T18:12:26.760Z
652789,false,53,1,7452701772,14915,2,2026-01-01T18:12:26.760Z
465447,false,36,1,7286419791,14915,19,2026-01-01T18:12:26.760Z
26748,true,104,0,6973783043,14933,23,2026-01-01T18:12:26.760Z
506083,false,40,0,7321678862,15026,3,2026-01-01T18:12:26.760Z
87068,false,98,0,7013761928,15018,9,2026-01-01T18:12:26.760Z
76388,true,83,0,7006150986,15021,4,2026-01-01T18:12:26.760Z
40152,true,128,0,6982599218,14753,15,2026-01-01T18:12:26.760Z
484704,false,102,0,7302199685,15026,5,2026-01-01T18:12:26.760Z
634216,true,45,0,7440056161,15819,22,2026-01-01T18:12:26.760Z
334747,false,94,1,7197170408,15336,3,2026-01-01T18:12:26.760Z
110075,false,77,0,7028730641,14915,18,2026-01-01T18:12:26.760Z
507067,false,72,0,7322351489,14915,5,2026-01-01T18:12:26.760Z
549128,true,5,0,7357037791,14915,12,2026-01-01T18:12:26.760Z
24542,false,70,0,6972433453,14933,10,2026-01-01T18:12:26.760Z
137807,true,86,0,7048659913,14915,4,2026-01-01T18:12:26.760Z
552091,true,135,1,7361520586,15480,23,2026-01-01T18:12:26.760Z
198837,false,95,1,7094664083,14915,18,2026-01-01T18:12:26.760Z
403728,true,17,0,7242478822,15554,15,2026-01-01T18:12:26.760Z
38465,false,65,0,6981460699,14960,8,2026-01-01T18:12:26.760Z
266609,true,86,0,7147635389,15250,14,2026-01-01T18:12:26.760Z
342743,false,114,1,7202074671,15109,9,2026-01-01T18:12:26.760Z
180933,true,85,0,7081231901,15137,5,2026-01-01T18:12:26.760Z
543231,false,101,0,7351771151,14691,11,2026-01-01T18:12:26.760Z
404616,true,31,1,7243019316,14915,15,2026-01-01T18:12:26.760Z
643681,false,138,1,7445202098,15909,10,2026-01-01T18:12:26.760Z
472090,true,106,0,7292086676,15689,14,2026-01-01T18:12:26.760Z
701668,true,120,0,7506472584,15716,23,2026-01-01T18:12:26.760Z
147772,false,35,0,7058443823,14691,10,2026-01-01T18:12:26.760Z
634313,true,73,0,7440267701,15909,23,2026-01-01T18:12:26.760Z
708195,true,5,0,7512425040,15660,13,2026-01-01T18:12:26.760Z
148919,true,100,0,7059393993,14783,5,2026-01-01T18:12:26.760Z
5891,false,106,0,6954180921,14913,21,2026-01-01T18:12:26.760Z
128483,true,78,0,7040462887,15074,15,2026-01-01T18:12:26.760Z
532858,false,120,0,7343174043,15749,5,2026-01-01T18:12:26.760Z
97093,true,32,0,7020070374,14565,4,2026-01-01T18:12:26.760Z
198566,false,17,0,7094527537,14659,11,2026-01-01T18:12:26.760Z
463046,true,30,1,7284380157,15026,17,2026-01-01T18:12:26.760Z
511517,true,102,0,7326742127,14691,16,2026-01-01T18:12:26.760Z
686289,true,121,0,7488634860,15901,15,2026-01-01T18:12:26.760Z
14009,true,123,1,6963263751,14565,5,2026-01-01T18:12:26.760Z
283733,false,32,1,7162084959,15257,8,2026-01-01T18:12:26.760Z
566759,true,71,1,7377840813,15819,12,2026-01-01T18:12:26.760Z
25711,false,43,1,6972971080,14953,3,2026-01-01T18:12:26.760Z
254220,true,90,1,7135385636,14659,5,2026-01-01T18:12:26.760Z
321133,false,123,1,7188215784,14915,18,2026-01-01T18:12:26.760Z
364185,true,26,0,7215630615,14691,22,2026-01-01T18:12:26.760Z
368853,false,101,1,7218640644,14915,10,2026-01-01T18:12:26.760Z
483945,true,137,1,7301797720,15692,14,2026-01-01T18:12:26.760Z
635271,false,47,1,7441132633,15856,21,2026-01-01T18:12:26.760Z
273486,true,87,0,7154255467,15109,4,2026-01-01T18:12:26.760Z
28945,true,110,0,6974936586,14959,15,2026-01-01T18:12:26.760Z
201160,true,17,0,7096544962,15199,14,2026-01-01T18:12:26.760Z
356160,false,106,1,7210653660,15026,11,2026-01-01T18:12:26.760Z
352530,true,105,0,7208236451,14691,4,2026-01-01T18:12:26.760Z
172312,true,109,1,7074981751,14659,22,2026-01-01T18:12:26.760Z
307289,true,94,0,7178650523,15257,22,2026-01-01T18:12:26.760Z
284363,true,22,0,7162694946,15026,14,2026-01-01T18:12:26.760Z
192348,false,19,0,7090194898,15109,0,2026-01-01T18:12:26.760Z
466988,false,80,0,7287828356,14915,0,2026-01-01T18:12:26.760Z
136098,false,92,0,7047154450,14691,11,2026-01-01T18:12:26.760Z
299733,false,65,0,7173203788,15026,1,2026-01-01T18:12:26.760Z
54669,false,43,0,6991703394,14933,20,2026-01-01T18:12:26.760Z
315721,true,126,0,7184628014,15350,6,2026-01-01T18:12:26.760Z
128713,true,100,0,7040673029,14915,5,2026-01-01T18:12:26.760Z
405240,true,104,0,7243946317,15026,15,2026-01-01T18:12:26.760Z
244828,false,70,1,7128187321,15251,19,2026-01-01T18:12:26.760Z
682091,true,47,0,7484590835,15910,16,2026-01-01T18:12:26.760Z
132177,false,85,0,7044185628,14915,13,2026-01-01T18:12:26.760Z
10950,true,107,0,6960567434,14713,6,2026-01-01T18:12:26.760Z
335196,false,17,0,7197520263,15257,20,2026-01-01T18:12:26.760Z
79076,true,90,0,7008047140,14921,15,2026-01-01T18:12:26.760Z
633546,false,96,1,7439733721,15716,0,2026-01-01T18:12:26.760Z
586567,false,94,0,7396988951,15716,21,2026-01-01T18:12:26.760Z
83372,false,34,0,7010704315,14921,9,2026-01-01T18:12:26.760Z
525737,false,53,0,7338049560,15655,5,2026-01-01T18:12:26.760Z
371138,true,74,0,7219938647,15325,15,2026-01-01T18:12:26.760Z
9287,true,52,0,6958409622,14850,16,2026-01-01T18:12:26.760Z
47926,true,136,1,6987441421,14972,15,2026-01-01T18:12:26.760Z
307359,false,120,1,7178696056,14915,20,2026-01-01T18:12:26.760Z
233474,true,53,0,7120769506,15128,16,2026-01-01T18:12:26.760Z
175343,true,39,1,7077345673,14981,17,2026-01-01T18:12:26.760Z
587514,true,68,0,7397968782,14783,8,2026-01-01T18:12:26.760Z
692215,true,53,1,7497030280,15716,14,2026-01-01T18:12:26.760Z
275105,true,105,1,7155511573,15026,16,2026-01-01T18:12:26.760Z
68586,true,77,0,7001380167,15025,15,2026-01-01T18:12:26.760Z
308650,true,104,1,7179505813,15026,15,2026-01-01T18:12:26.760Z
179637,true,137,0,7080418456,14981,5,2026-01-01T18:12:26.760Z
562723,false,90,0,7373485489,14915,1,2026-01-01T18:12:26.760Z
29849,true,86,0,6975601674,14953,16,2026-01-01T18:12:26.760Z
245596,false,114,0,7128758902,14915,20,2026-01-01T18:12:26.760Z
87167,false,22,0,7013795574,14565,12,2026-01-01T18:12:26.760Z
606527,false,48,1,7421704314,15680,21,2026-01-01T18:12:26.760Z
47564,false,35,1,6987302094,14659,13,2026-01-01T18:12:26.760Z
387022,false,120,1,7230124104,15026,12,2026-01-01T18:12:26.760Z
142637,false,129,0,7053859136,14933,11,2026-01-01T18:12:26.760Z
455348,false,35,1,7278255463,15480,19,2026-01-01T18:12:26.760Z
203788,false,43,1,7098610992,14753,3,2026-01-01T18:12:26.760Z
122311,false,54,0,7036085388,14894,10,2026-01-01T18:12:26.760Z
128998,false,86,1,7041110418,14933,2,2026-01-01T18:12:26.760Z
564510,true,65,0,7375856282,14915,12,2026-01-01T18:12:26.760Z
703062,true,47,0,7507797736,15660,15,2026-01-01T18:12:26.760Z
278562,false,78,0,7158055236,15026,18,2026-01-01T18:12:26.760Z
295443,true,106,0,7169727548,15348,7,2026-01-01T18:12:26.760Z
18099,false,63,1,6967171022,14933,2,2026-01-01T18:12:26.760Z
274929,false,4,0,7155439092,15109,8,2026-01-01T18:12:26.760Z
152067,false,35,1,7061921256,14981,10,2026-01-01T18:12:26.760Z
567731,false,137,0,7378751246,15728,0,2026-01-01T18:12:26.760Z
571172,false,79,1,7380953580,14915,9,2026-01-01T18:12:26.760Z
19347,true,96,0,6967956963,14959,13,2026-01-01T18:12:26.760Z
124740,true,123,0,7037618492,14915,16,2026-01-01T18:12:26.760Z
433812,true,94,0,7261479262,14915,7,2026-01-01T18:12:26.760Z
247035,false,12,1,7129503709,15218,19,2026-01-01T18:12:26.760Z
95743,true,11,0,7019136187,14659,22,2026-01-01T18:12:26.760Z
108343,true,22,0,7027713458,14565,14,2026-01-01T18:12:26.760Z
6512,false,10,1,6954855522,14850,20,2026-01-01T18:12:26.760Z
418355,true,86,1,7252281497,15480,5,2026-01-01T18:12:26.760Z
248830,true,48,0,7130761117,15249,15,2026-01-01T18:12:26.760Z
198193,true,26,0,7094401069,15109,22,2026-01-01T18:12:26.760Z
264893,false,73,0,7145942273,15268,2,2026-01-01T18:12:26.760Z
33483,true,42,1,6977855481,14933,16,2026-01-01T18:12:26.760Z
604536,false,48,0,7419720937,14915,21,2026-01-01T18:12:26.760Z
547857,false,20,0,7355762863,15676,9,2026-01-01T18:12:26.760Z
147904,true,97,0,7058490570,14894,22,2026-01-01T18:12:26.760Z
388235,false,137,0,7230960396,14915,1,2026-01-01T18:12:26.760Z
280323,true,105,1,7159142573,14915,6,2026-01-01T18:12:26.760Z
27477,false,89,0,6974149546,14800,8,2026-01-01T18:12:26.760Z
150363,false,110,0,7060573198,15135,9,2026-01-01T18:12:26.760Z
260554,true,104,1,7141447817,14915,6,2026-01-01T18:12:26.760Z
260546,true,76,0,7141441058,15109,22,2026-01-01T18:12:26.760Z
323491,false,112,1,7189750507,15426,0,2026-01-01T18:12:26.760Z
419588,true,128,1,7252825213,15213,14,2026-01-01T18:12:26.760Z
61021,false,114,1,6995890822,14887,8,2026-01-01T18:12:26.760Z
389788,false,33,0,7231835408,14915,19,2026-01-01T18:12:26.760Z
105267,false,93,1,7025486799,14915,10,2026-01-01T18:12:26.760Z
489476,false,85,1,7306368576,15480,1,2026-01-01T18:12:26.760Z
537874,false,78,0,7346413298,14915,5,2026-01-01T18:12:26.760Z
19048,false,62,0,6967835831,14927,2,2026-01-01T18:12:26.760Z
318377,true,4,0,7186765075,15026,22,2026-01-01T18:12:26.760Z
165881,false,47,1,7070920592,15122,20,2026-01-01T18:12:26.760Z
706015,true,41,1,7510253466,15901,16,2026-01-01T18:12:26.760Z
658330,true,74,0,7457688774,15898,23,2026-01-01T18:12:26.760Z
197694,false,86,1,7094100440,14933,3,2026-01-01T18:12:26.760Z
515238,true,137,0,7329894553,15480,17,2026-01-01T18:12:26.760Z
565382,false,63,1,7376421528,15716,2,2026-01-01T18:12:26.760Z
538356,true,53,0,7346994719,15669,7,2026-01-01T18:12:26.760Z
653308,true,119,1,7453295429,15660,17,2026-01-01T18:12:26.760Z
225324,false,120,0,7112643045,15138,1,2026-01-01T18:12:26.760Z
660113,true,7,1,7458916676,15819,8,2026-01-01T18:12:26.760Z
397968,true,75,1,7238428627,15554,15,2026-01-01T18:12:26.760Z
386991,true,49,1,7230117801,15480,5,2026-01-01T18:12:26.760Z
165359,false,83,1,7070651186,14915,2,2026-01-01T18:12:26.760Z
252086,true,9,0,7133596543,15109,7,2026-01-01T18:12:26.760Z
119470,true,51,0,7034112196,15089,17,2026-01-01T18:12:26.760Z
397825,true,12,0,7238385928,15480,16,2026-01-01T18:12:26.760Z
578039,true,83,0,7388077625,14915,12,2026-01-01T18:12:26.760Z
688267,false,91,1,7492415634,15901,2,2026-01-01T18:12:26.760Z
529459,true,83,1,7341237407,14915,14,2026-01-01T18:12:26.760Z
445309,false,120,1,7270057855,15496,8,2026-01-01T18:12:26.760Z
411301,true,104,1,7248348489,15495,6,2026-01-01T18:12:26.760Z
157727,false,106,0,7067010112,14933,21,2026-01-01T18:12:26.760Z
176723,true,86,0,7078519885,15137,5,2026-01-01T18:12:26.760Z
114509,false,38,1,7031178599,14915,0,2026-01-01T18:12:26.760Z
34416,false,89,0,6978490648,14959,13,2026-01-01T18:12:26.760Z
185368,false,88,0,7084635037,14933,0,2026-01-01T18:12:26.760Z
5933,true,60,0,6954243511,14565,16,2026-01-01T18:12:26.760Z
403520,true,106,0,7242384109,15494,23,2026-01-01T18:12:26.760Z
331080,false,1,1,7195330635,14915,8,2026-01-01T18:12:26.760Z
9162,false,22,1,6958177916,14565,11,2026-01-01T18:12:26.760Z
305728,false,106,1,7177549665,15257,21,2026-01-01T18:12:26.760Z
675116,true,54,1,7477762530,15819,12,2026-01-01T18:12:26.760Z
368848,true,94,0,7218640644,14915,5,2026-01-01T18:12:26.760Z
452638,false,120,1,7275952080,14915,21,2026-01-01T18:12:26.760Z
128249,false,65,0,7040341252,15074,21,2026-01-01T18:12:26.760Z
502113,true,120,1,7317541757,15480,16,2026-01-01T18:12:26.760Z
47570,false,93,1,6987302094,14659,19,2026-01-01T18:12:26.760Z
488045,false,93,1,7305352853,15026,10,2026-01-01T18:12:26.760Z
303450,true,135,1,7175812691,15365,23,2026-01-01T18:12:26.760Z
680237,false,25,0,7483249941,16012,21,2026-01-01T18:12:26.760Z
492743,false,15,0,7308914298,15684,4,2026-01-01T18:12:26.760Z
259201,false,70,0,7140001250,15250,20,2026-01-01T18:12:26.760Z
216893,false,120,1,7106432308,14659,1,2026-01-01T18:12:26.760Z
359951,false,85,0,7213229421,15353,11,2026-01-01T18:12:26.760Z
494879,false,65,0,7310426371,15694,4,2026-01-01T18:12:26.760Z
587786,true,46,0,7398267813,15660,16,2026-01-01T18:12:26.760Z
355594,false,41,1,7210335746,15353,21,2026-01-01T18:12:26.760Z
185222,true,7,1,7084419872,15199,22,2026-01-01T18:12:26.760Z
